timestamp,ip,country,city,attack_type,endpoint,user_agent,form_data
2025-11-15T23:37:51.388725,127.0.0.1,India,Nadiad (User_Location),,/login,"python-requests/2.32.5","{'username': 'admin'; 'password': 'admin123'}"
2025-11-15T23:37:48.358245,127.0.0.1,India,Nadiad (User_Location),,/login,"python-requests/2.32.5","{'username': 'hacker'; 'password': 'letmein'}"
2025-11-15T23:37:45.328090,127.0.0.1,India,Nadiad (User_Location),,/login,"python-requests/2.32.5","{'username': 'admin'; 'password': 'password123'}"
2025-11-15T23:37:22.494358,127.0.0.1,India,Nadiad (User_Location),,/login,"python-requests/2.32.5","{'username': 'admin'; 'password': 'admin123'}"
2025-11-15T23:37:19.469593,127.0.0.1,India,Nadiad (User_Location),,/login,"python-requests/2.32.5","{'username': 'hacker'; 'password': 'letmein'}"
2025-11-15T23:37:16.437645,127.0.0.1,India,Nadiad (User_Location),,/login,"python-requests/2.32.5","{'username': 'admin'; 'password': 'password123'}"
2025-11-15T23:36:24.455527,127.0.0.1,India,Nadiad (User_Location),,/login,"Mozilla/5.0 (Windows NT 10.0; Win64; x64) AppleWebKit/537.36 (KHTML; like Gecko) Chrome/142.0.0.0 Safari/537.36","{'username': 'admin'; 'password': 'admin123'}"
2025-10-27T09:59:59.019765,10.243.122.113,India,Nadiad (User_Location),,/login,"Mozilla/5.0 (Windows NT 10.0; Win64; x64) AppleWebKit/537.36 (KHTML; like Gecko) Chrome/141.0.0.0 Safari/537.36","{'username': 'admin'; 'password': 'admin123'}"
2025-10-27T09:57:21.867901,127.0.0.1,India,Nadiad (User_Location),,/login,"python-requests/2.32.4","{'username': 'admin'; 'password': 'admin123'}"
2025-10-27T09:57:18.814004,127.0.0.1,India,Nadiad (User_Location),,/login,"python-requests/2.32.4","{'username': 'hacker'; 'password': 'letmein'}"
2025-10-27T09:57:15.799751,127.0.0.1,India,Nadiad (User_Location),,/login,"python-requests/2.32.4","{'username': 'admin'; 'password': 'password123'}"
2025-10-27T09:55:28.460737,10.243.122.113,India,Nadiad (User_Location),,/login,"Mozilla/5.0 (Windows NT 10.0; Win64; x64) AppleWebKit/537.36 (KHTML; like Gecko) Chrome/141.0.0.0 Safari/537.36","{'username': 'admin'; 'password': 'admin123'}"
2025-10-26T16:24:08.355288,127.0.0.1,India,Nadiad (User_Location),,/login,"python-requests/2.32.4","{'username': 'admin'; 'password': 'admin123'}"
2025-10-26T16:24:05.321194,127.0.0.1,India,Nadiad (User_Location),,/login,"python-requests/2.32.4","{'username': 'hacker'; 'password': 'letmein'}"
2025-10-26T16:24:02.290861,127.0.0.1,India,Nadiad (User_Location),,/login,"python-requests/2.32.4","{'username': 'admin'; 'password': 'password123'}"
2025-10-26T16:14:18.920125,192.168.9.173,India,Nadiad (User_Location),,/login,"Mozilla/5.0 (Windows NT 10.0; Win64; x64) AppleWebKit/537.36 (KHTML; like Gecko) Chrome/141.0.0.0 Safari/537.36","{'username': 'd24dit083'; 'password': 'admin123'}"
2025-10-26T15:50:01.871454,127.0.0.1,India,Nadiad (User_Location),,/login,"python-requests/2.32.4","{'username': 'admin'; 'password': 'admin123'}"
2025-10-26T15:49:58.840816,127.0.0.1,India,Nadiad (User_Location),,/login,"python-requests/2.32.4","{'username': 'hacker'; 'password': 'letmein'}"
2025-10-26T15:49:55.817561,127.0.0.1,India,Nadiad (User_Location),,/login,"python-requests/2.32.4","{'username': 'admin'; 'password': 'password123'}"
2025-10-26T15:42:13.560444,192.168.9.173,India,Nadiad (User_Location),,/login,"Mozilla/5.0 (Windows NT 10.0; Win64; x64) AppleWebKit/537.36 (KHTML; like Gecko) Chrome/141.0.0.0 Safari/537.36","{'username': 'admin'; 'password': 'admin123'}"
2025-10-10T09:49:05.407313,192.168.29.113,India,Nadiad (User_Location),,/login,"Mozilla/5.0 (Windows NT 10.0; Win64; x64) AppleWebKit/537.36 (KHTML; like Gecko) Chrome/140.0.0.0 Safari/537.36","{'username': 'admin'; 'password': 'admin123'}"
2025-10-10T09:27:13.808243,192.168.29.113,India,Vadodara,,/login,"Mozilla/5.0 (Windows NT 10.0; Win64; x64) AppleWebKit/537.36 (KHTML; like Gecko) Chrome/140.0.0.0 Safari/537.36","{'username': 'admin'; 'password': 'admin123'}"
2025-10-10T01:20:50.676529,127.0.0.1,Local Network,Local,,/login,"python-requests/2.32.4","{'username': 'debug_test'; 'password': 'debug_pass'}"
2025-10-10T01:18:08.607281,127.0.0.1,Local Network,Local,,/login,"python-requests/2.32.4","{'username': 'testuser'; 'password': 'testpass'}"
2025-10-10T01:15:45.841124,192.168.29.113,Unknown,Unknown,,/login,"Mozilla/5.0 (Windows NT 10.0; Win64; x64) AppleWebKit/537.36 (KHTML; like Gecko) Chrome/140.0.0.0 Safari/537.36","{'username': 'admin'; 'password': 'admin123'}"
2025-10-10T01:12:06.061259,127.0.0.1,Local Network,Local,,/login,"python-requests/2.32.4","{'username': 'hacker'; 'password': 'test123'}"
2025-10-10T01:03:26.516724,192.168.29.247,Unknown,Unknown,,/login,"Mozilla/5.0 (Linux; Android 10; K) AppleWebKit/537.36 (KHTML; like Gecko) Chrome/139.0.0.0 Mobile Safari/537.36","{'username': 'Fhv x'; 'password': 'admin123'}"
2025-10-10T01:01:50.865983,192.168.29.247,Unknown,Unknown,,/login,"Mozilla/5.0 (Linux; Android 10; K) AppleWebKit/537.36 (KHTML; like Gecko) Chrome/139.0.0.0 Mobile Safari/537.36","{'username': 'Ahebrvj'; 'password': 'admin123'}"
2025-10-10T00:59:32.078489,192.168.29.113,Unknown,Unknown,,/login,"Mozilla/5.0 (Windows NT 10.0; Win64; x64) AppleWebKit/537.36 (KHTML; like Gecko) Chrome/140.0.0.0 Safari/537.36","{'username': 'admin'; 'password': 'admin123'}"
2025-10-10T00:50:34.483452,192.168.29.113,Unknown,Unknown,,/login,"Mozilla/5.0 (Windows NT 10.0; Win64; x64) AppleWebKit/537.36 (KHTML; like Gecko) Chrome/140.0.0.0 Safari/537.36","{'username': 'jhku'; 'password': 'ji'}"
2025-10-10T00:46:11.994843,192.168.29.113,Unknown,Unknown,,/login,"Mozilla/5.0 (Windows NT 10.0; Win64; x64) AppleWebKit/537.36 (KHTML; like Gecko) Chrome/140.0.0.0 Safari/537.36","{'username': 'govind'; 'password': 'admin123'}"
2025-10-10T00:40:14.197406,192.168.29.113,Unknown,Unknown,,/login,"Mozilla/5.0 (Windows NT 10.0; Win64; x64) AppleWebKit/537.36 (KHTML; like Gecko) Chrome/140.0.0.0 Safari/537.36","{'username': 'govind'; 'password': 'admin123'}"
2025-10-10T00:34:01.483326,192.168.29.113,Unknown,Unknown,,/login,"Mozilla/5.0 (Windows NT 10.0; Win64; x64) AppleWebKit/537.36 (KHTML; like Gecko) Chrome/140.0.0.0 Safari/537.36","{'username': 'admin'; 'password': 'admin123'}"
2025-10-10T00:25:03.029181,127.0.0.1,Local Network,Local,,/login,"Mozilla/5.0 (Windows NT 10.0; Win64; x64) AppleWebKit/537.36 (KHTML; like Gecko) Chrome/140.0.0.0 Safari/537.36","{'username': 'admin'; 'password': 'admin123'}"
2025-10-09T17:31:07.586012+00:00,127.0.0.1,None,None,,favicon,"Mozilla/5.0 (Windows NT 10.0; Win64; x64) AppleWebKit/537.36 (KHTML; like Gecko) Chrome/140.0.0.0 Safari/537.36","{}"
2025-10-09T17:31:06.788229+00:00,127.0.0.1,None,None,,catch_all,"Mozilla/5.0 (Windows NT 10.0; Win64; x64) AppleWebKit/537.36 (KHTML; like Gecko) Chrome/140.0.0.0 Safari/537.36","{}"
2025-10-09T17:31:06.786598+00:00,127.0.0.1,None,None,,catch_all,"Mozilla/5.0 (Windows NT 10.0; Win64; x64) AppleWebKit/537.36 (KHTML; like Gecko) Chrome/140.0.0.0 Safari/537.36","{}"
2025-10-09T17:31:06.751040+00:00,127.0.0.1,None,None,,admin_dashboard,"Mozilla/5.0 (Windows NT 10.0; Win64; x64) AppleWebKit/537.36 (KHTML; like Gecko) Chrome/140.0.0.0 Safari/537.36","{}"
2025-10-09T17:31:06.740587+00:00,127.0.0.1,None,None,,login_post,"Mozilla/5.0 (Windows NT 10.0; Win64; x64) AppleWebKit/537.36 (KHTML; like Gecko) Chrome/140.0.0.0 Safari/537.36","{'username': 'khushali'; 'password': 'admin123'; 'js_enabled': 'true'; 'client_events': '[{"type":"client_script_loaded";"timestamp":1760031027143;"sessionId":"client_6th8y23ty";"timeFromStart":1};{"type":"js_enabled_detected";"timestamp":1760031027151;"sessionId":"client_6th8y23ty";"timeFromStart":9;"userAgent":"Mozilla/5.0 (Windows NT 10.0; Win64; x64) AppleWebKit/537.36 (KHTML; like Gecko) Chrome/140.0.0.0 Safari/537.36";"screen":{"width":1536;"height":864;"colorDepth":24};"timezone":"Asia/Calcutta";"language":"en-US"};{"type":"tracking_initialized";"timestamp":1760031027151;"sessionId":"client_6th8y23ty";"timeFromStart":9};{"type":"form_interaction_start";"timestamp":1760031048050;"sessionId":"client_6th8y23ty";"timeFromStart":20908};{"type":"mouse_analysis";"timestamp":1760031066715;"sessionId":"client_6th8y23ty";"timeFromStart":39573;"totalEvents":13;"totalDistance":2187.879443914098;"averageSpeed":0.06684834379034184;"humanLikely":true};{"type":"typing_analysis";"timestamp":1760031066715;"sessionId":"client_6th8y23ty";"timeFromStart":39573;"totalKeyEvents":50;"averageInterval":715.72;"variance":3434092.1216000016;"humanLikely":true};{"type":"form_submission_timing";"timestamp":1760031066715;"sessionId":"client_6th8y23ty";"timeFromStart":39573;"interactionTime":18665;"tooFast":false;"reasonable":true}]'; 'client_submit_time': '1760031066715'}"
2025-10-09T17:31:06.733059+00:00,127.0.0.1,None,None,,login_post,"Mozilla/5.0 (Windows NT 10.0; Win64; x64) AppleWebKit/537.36 (KHTML; like Gecko) Chrome/140.0.0.0 Safari/537.36","{'username': 'khushali'; 'password': 'admin123'; 'js_enabled': 'true'; 'client_events': '[{"type":"client_script_loaded";"timestamp":1760031027143;"sessionId":"client_6th8y23ty";"timeFromStart":1};{"type":"js_enabled_detected";"timestamp":1760031027151;"sessionId":"client_6th8y23ty";"timeFromStart":9;"userAgent":"Mozilla/5.0 (Windows NT 10.0; Win64; x64) AppleWebKit/537.36 (KHTML; like Gecko) Chrome/140.0.0.0 Safari/537.36";"screen":{"width":1536;"height":864;"colorDepth":24};"timezone":"Asia/Calcutta";"language":"en-US"};{"type":"tracking_initialized";"timestamp":1760031027151;"sessionId":"client_6th8y23ty";"timeFromStart":9};{"type":"form_interaction_start";"timestamp":1760031048050;"sessionId":"client_6th8y23ty";"timeFromStart":20908};{"type":"mouse_analysis";"timestamp":1760031066715;"sessionId":"client_6th8y23ty";"timeFromStart":39573;"totalEvents":13;"totalDistance":2187.879443914098;"averageSpeed":0.06684834379034184;"humanLikely":true};{"type":"typing_analysis";"timestamp":1760031066715;"sessionId":"client_6th8y23ty";"timeFromStart":39573;"totalKeyEvents":50;"averageInterval":715.72;"variance":3434092.1216000016;"humanLikely":true};{"type":"form_submission_timing";"timestamp":1760031066715;"sessionId":"client_6th8y23ty";"timeFromStart":39573;"interactionTime":18665;"tooFast":false;"reasonable":true}]'; 'client_submit_time': '1760031066715'}"
2025-10-09T17:30:27.322054+00:00,127.0.0.1,None,None,,favicon,"Mozilla/5.0 (Windows NT 10.0; Win64; x64) AppleWebKit/537.36 (KHTML; like Gecko) Chrome/140.0.0.0 Safari/537.36","{}"
2025-10-09T17:30:27.019546+00:00,127.0.0.1,None,None,,index,"Mozilla/5.0 (Windows NT 10.0; Win64; x64) AppleWebKit/537.36 (KHTML; like Gecko) Chrome/140.0.0.0 Safari/537.36","{}"
2025-10-09T17:30:22.439153+00:00,192.168.29.113,None,None,,favicon,"Mozilla/5.0 (Windows NT 10.0; Win64; x64) AppleWebKit/537.36 (KHTML; like Gecko) Chrome/140.0.0.0 Safari/537.36","{}"
2025-10-09T17:30:22.002455+00:00,192.168.29.113,None,None,,index,"Mozilla/5.0 (Windows NT 10.0; Win64; x64) AppleWebKit/537.36 (KHTML; like Gecko) Chrome/140.0.0.0 Safari/537.36","{}"
2025-10-09T17:20:33.055704+00:00,127.0.0.1,None,None,,favicon,"Mozilla/5.0 (Windows NT 10.0; Win64; x64) AppleWebKit/537.36 (KHTML; like Gecko) Chrome/140.0.0.0 Safari/537.36","{}"
2025-10-09T17:20:31.418001+00:00,127.0.0.1,None,None,,catch_all,"Mozilla/5.0 (Windows NT 10.0; Win64; x64) AppleWebKit/537.36 (KHTML; like Gecko) Chrome/140.0.0.0 Safari/537.36","{}"
2025-10-09T17:20:31.406815+00:00,127.0.0.1,None,None,,catch_all,"Mozilla/5.0 (Windows NT 10.0; Win64; x64) AppleWebKit/537.36 (KHTML; like Gecko) Chrome/140.0.0.0 Safari/537.36","{}"
2025-10-09T17:20:31.296887+00:00,127.0.0.1,None,None,,catch_all,"Mozilla/5.0 (Windows NT 10.0; Win64; x64) AppleWebKit/537.36 (KHTML; like Gecko) Chrome/140.0.0.0 Safari/537.36","{}"
2025-10-09T17:20:31.071041+00:00,127.0.0.1,None,None,,admin_dashboard,"Mozilla/5.0 (Windows NT 10.0; Win64; x64) AppleWebKit/537.36 (KHTML; like Gecko) Chrome/140.0.0.0 Safari/537.36","{}"
2025-10-09T17:20:31.059812+00:00,127.0.0.1,None,None,,login_post,"Mozilla/5.0 (Windows NT 10.0; Win64; x64) AppleWebKit/537.36 (KHTML; like Gecko) Chrome/140.0.0.0 Safari/537.36","{'username': 'admin123'; 'password': 'admin123'; 'js_enabled': 'true'; 'client_events': '[{"type":"client_script_loaded";"timestamp":1760030411815;"sessionId":"client_3w5pe6cm3";"timeFromStart":5};{"type":"js_enabled_detected";"timestamp":1760030411826;"sessionId":"client_3w5pe6cm3";"timeFromStart":16;"userAgent":"Mozilla/5.0 (Windows NT 10.0; Win64; x64) AppleWebKit/537.36 (KHTML; like Gecko) Chrome/140.0.0.0 Safari/537.36";"screen":{"width":1536;"height":864;"colorDepth":24};"timezone":"Asia/Calcutta";"language":"en-US"};{"type":"tracking_initialized";"timestamp":1760030411826;"sessionId":"client_3w5pe6cm3";"timeFromStart":16};{"type":"form_interaction_start";"timestamp":1760030423984;"sessionId":"client_3w5pe6cm3";"timeFromStart":12174};{"type":"mouse_analysis";"timestamp":1760030430713;"sessionId":"client_3w5pe6cm3";"timeFromStart":18903;"totalEvents":8;"totalDistance":1231.6464633378212;"averageSpeed":0.10255174549024322;"humanLikely":true};{"type":"typing_analysis";"timestamp":1760030430713;"sessionId":"client_3w5pe6cm3";"timeFromStart":18903;"totalKeyEvents":35;"averageInterval":366.29411764705884;"variance":41763.9723183391;"humanLikely":true};{"type":"form_submission_timing";"timestamp":1760030430713;"sessionId":"client_3w5pe6cm3";"timeFromStart":18903;"interactionTime":6729;"tooFast":false;"reasonable":true}]'; 'client_submit_time': '1760030430713'}"
2025-10-09T17:20:31.052078+00:00,127.0.0.1,None,None,,login_post,"Mozilla/5.0 (Windows NT 10.0; Win64; x64) AppleWebKit/537.36 (KHTML; like Gecko) Chrome/140.0.0.0 Safari/537.36","{'username': 'admin123'; 'password': 'admin123'; 'js_enabled': 'true'; 'client_events': '[{"type":"client_script_loaded";"timestamp":1760030411815;"sessionId":"client_3w5pe6cm3";"timeFromStart":5};{"type":"js_enabled_detected";"timestamp":1760030411826;"sessionId":"client_3w5pe6cm3";"timeFromStart":16;"userAgent":"Mozilla/5.0 (Windows NT 10.0; Win64; x64) AppleWebKit/537.36 (KHTML; like Gecko) Chrome/140.0.0.0 Safari/537.36";"screen":{"width":1536;"height":864;"colorDepth":24};"timezone":"Asia/Calcutta";"language":"en-US"};{"type":"tracking_initialized";"timestamp":1760030411826;"sessionId":"client_3w5pe6cm3";"timeFromStart":16};{"type":"form_interaction_start";"timestamp":1760030423984;"sessionId":"client_3w5pe6cm3";"timeFromStart":12174};{"type":"mouse_analysis";"timestamp":1760030430713;"sessionId":"client_3w5pe6cm3";"timeFromStart":18903;"totalEvents":8;"totalDistance":1231.6464633378212;"averageSpeed":0.10255174549024322;"humanLikely":true};{"type":"typing_analysis";"timestamp":1760030430713;"sessionId":"client_3w5pe6cm3";"timeFromStart":18903;"totalKeyEvents":35;"averageInterval":366.29411764705884;"variance":41763.9723183391;"humanLikely":true};{"type":"form_submission_timing";"timestamp":1760030430713;"sessionId":"client_3w5pe6cm3";"timeFromStart":18903;"interactionTime":6729;"tooFast":false;"reasonable":true}]'; 'client_submit_time': '1760030430713'}"
2025-10-09T17:20:11.923637+00:00,127.0.0.1,None,None,,favicon,"Mozilla/5.0 (Windows NT 10.0; Win64; x64) AppleWebKit/537.36 (KHTML; like Gecko) Chrome/140.0.0.0 Safari/537.36","{}"
2025-10-09T17:20:11.538337+00:00,127.0.0.1,None,None,,index,"Mozilla/5.0 (Windows NT 10.0; Win64; x64) AppleWebKit/537.36 (KHTML; like Gecko) Chrome/140.0.0.0 Safari/537.36","{}"
2025-10-09T16:57:10.059137+00:00,127.0.0.1,None,None,,favicon,"Mozilla/5.0 (Windows NT 10.0; Win64; x64) AppleWebKit/537.36 (KHTML; like Gecko) Chrome/140.0.0.0 Safari/537.36","{}"
2025-10-09T16:57:09.283854+00:00,127.0.0.1,None,None,,index,"Mozilla/5.0 (Windows NT 10.0; Win64; x64) AppleWebKit/537.36 (KHTML; like Gecko) Chrome/140.0.0.0 Safari/537.36","{}"
2025-10-09T16:57:05.487141+00:00,127.0.0.1,None,None,,favicon,"Mozilla/5.0 (Windows NT 10.0; Win64; x64) AppleWebKit/537.36 (KHTML; like Gecko) Chrome/140.0.0.0 Safari/537.36","{}"
2025-10-09T16:57:04.697609+00:00,127.0.0.1,None,None,,index,"Mozilla/5.0 (Windows NT 10.0; Win64; x64) AppleWebKit/537.36 (KHTML; like Gecko) Chrome/140.0.0.0 Safari/537.36","{}"
2025-10-09T16:57:04.680703+00:00,127.0.0.1,None,None,,admin_dashboard,"Mozilla/5.0 (Windows NT 10.0; Win64; x64) AppleWebKit/537.36 (KHTML; like Gecko) Chrome/140.0.0.0 Safari/537.36","{}"
2025-10-09T16:56:34.828202+00:00,192.168.29.113,None,None,,favicon,"Mozilla/5.0 (Windows NT 10.0; Win64; x64) AppleWebKit/537.36 (KHTML; like Gecko) Chrome/140.0.0.0 Safari/537.36","{}"
2025-10-09T16:56:34.403719+00:00,192.168.29.113,None,None,,index,"Mozilla/5.0 (Windows NT 10.0; Win64; x64) AppleWebKit/537.36 (KHTML; like Gecko) Chrome/140.0.0.0 Safari/537.36","{}"
2025-10-09T16:55:29.832440+00:00,192.168.29.113,None,None,,favicon,"Mozilla/5.0 (Windows NT 10.0; Win64; x64) AppleWebKit/537.36 (KHTML; like Gecko) Chrome/140.0.0.0 Safari/537.36","{}"
2025-10-09T16:55:29.432149+00:00,192.168.29.113,None,None,,index,"Mozilla/5.0 (Windows NT 10.0; Win64; x64) AppleWebKit/537.36 (KHTML; like Gecko) Chrome/140.0.0.0 Safari/537.36","{}"
2025-10-09T16:55:21.756295+00:00,127.0.0.1,None,None,,favicon,"Mozilla/5.0 (Windows NT 10.0; Win64; x64) AppleWebKit/537.36 (KHTML; like Gecko) Chrome/140.0.0.0 Safari/537.36","{}"
2025-10-09T16:55:21.073950+00:00,127.0.0.1,None,None,,index,"Mozilla/5.0 (Windows NT 10.0; Win64; x64) AppleWebKit/537.36 (KHTML; like Gecko) Chrome/140.0.0.0 Safari/537.36","{}"
2025-10-09T16:55:09.540961+00:00,127.0.0.1,None,None,,favicon,"Mozilla/5.0 (Windows NT 10.0; Win64; x64) AppleWebKit/537.36 (KHTML; like Gecko) Chrome/140.0.0.0 Safari/537.36","{}"
2025-10-09T16:55:09.123510+00:00,127.0.0.1,None,None,,index,"Mozilla/5.0 (Windows NT 10.0; Win64; x64) AppleWebKit/537.36 (KHTML; like Gecko) Chrome/140.0.0.0 Safari/537.36","{}"
2025-10-09T15:37:20.325218+00:00,127.0.0.1,None,None,,favicon,"Mozilla/5.0 (Windows NT 10.0; Win64; x64) AppleWebKit/537.36 (KHTML; like Gecko) Chrome/140.0.0.0 Safari/537.36","{}"
2025-10-09T15:37:08.798528+00:00,127.0.0.1,None,None,,favicon,"Mozilla/5.0 (Windows NT 10.0; Win64; x64) AppleWebKit/537.36 (KHTML; like Gecko) Chrome/140.0.0.0 Safari/537.36","{}"
2025-10-09T15:36:42.450323+00:00,127.0.0.1,None,None,,favicon,"Mozilla/5.0 (Windows NT 10.0; Win64; x64) AppleWebKit/537.36 (KHTML; like Gecko) Chrome/140.0.0.0 Safari/537.36","{}"
2025-10-09T15:36:41.667571+00:00,127.0.0.1,None,None,,login_get,"Mozilla/5.0 (Windows NT 10.0; Win64; x64) AppleWebKit/537.36 (KHTML; like Gecko) Chrome/140.0.0.0 Safari/537.36","{}"
2025-10-09T15:36:35.394153+00:00,127.0.0.1,None,None,,favicon,"Mozilla/5.0 (Windows NT 10.0; Win64; x64) AppleWebKit/537.36 (KHTML; like Gecko) Chrome/140.0.0.0 Safari/537.36","{}"
2025-10-09T15:36:34.608080+00:00,127.0.0.1,None,None,,index,"Mozilla/5.0 (Windows NT 10.0; Win64; x64) AppleWebKit/537.36 (KHTML; like Gecko) Chrome/140.0.0.0 Safari/537.36","{}"
2025-09-18T08:43:01.363891+00:00,127.0.0.1,None,None,,favicon,"Mozilla/5.0 (Windows NT 10.0; Win64; x64) AppleWebKit/537.36 (KHTML; like Gecko) Chrome/140.0.0.0 Safari/537.36","{}"
2025-09-18T08:42:59.859447+00:00,127.0.0.1,None,None,,login_post,"Mozilla/5.0 (Windows NT 10.0; Win64; x64) AppleWebKit/537.36 (KHTML; like Gecko) Chrome/140.0.0.0 Safari/537.36","{'username': '123456'; 'password': '123456'; 'js_enabled': 'true'; 'client_events': '[{"type":"client_script_loaded";"timestamp":1758184956574;"sessionId":"client_mbaxll2iq";"timeFromStart":3};{"type":"js_enabled_detected";"timestamp":1758184956594;"sessionId":"client_mbaxll2iq";"timeFromStart":23;"userAgent":"Mozilla/5.0 (Windows NT 10.0; Win64; x64) AppleWebKit/537.36 (KHTML; like Gecko) Chrome/140.0.0.0 Safari/537.36";"screen":{"width":1536;"height":864;"colorDepth":24};"timezone":"Asia/Calcutta";"language":"en-US"};{"type":"tracking_initialized";"timestamp":1758184956594;"sessionId":"client_mbaxll2iq";"timeFromStart":23};{"type":"form_interaction_start";"timestamp":1758184957801;"sessionId":"client_mbaxll2iq";"timeFromStart":1230};{"type":"mouse_analysis";"timestamp":1758184979837;"sessionId":"client_mbaxll2iq";"timeFromStart":23266;"totalEvents":20;"totalDistance":564.4145964725956;"averageSpeed":0.029691966777452554;"humanLikely":true};{"type":"typing_analysis";"timestamp":1758184979837;"sessionId":"client_mbaxll2iq";"timeFromStart":23266;"totalKeyEvents":50;"averageInterval":669.9166666666666;"variance":1121574.0763888888;"humanLikely":true};{"type":"form_submission_timing";"timestamp":1758184979837;"sessionId":"client_mbaxll2iq";"timeFromStart":23266;"interactionTime":22036;"tooFast":false;"reasonable":true}]'; 'client_submit_time': '1758184979837'}"
2025-09-18T08:42:36.660908+00:00,127.0.0.1,None,None,,favicon,"Mozilla/5.0 (Windows NT 10.0; Win64; x64) AppleWebKit/537.36 (KHTML; like Gecko) Chrome/140.0.0.0 Safari/537.36","{}"
2025-09-18T08:42:36.199098+00:00,127.0.0.1,None,None,,index,"Mozilla/5.0 (Windows NT 10.0; Win64; x64) AppleWebKit/537.36 (KHTML; like Gecko) Chrome/140.0.0.0 Safari/537.36","{}"
2025-09-18T05:39:10.557923+00:00,127.0.0.1,None,None,,favicon,"Mozilla/5.0 (Windows NT 10.0; Win64; x64) AppleWebKit/537.36 (KHTML; like Gecko) Chrome/140.0.0.0 Safari/537.36","{}"
2025-09-18T05:39:09.808071+00:00,127.0.0.1,None,None,,login_post,"Mozilla/5.0 (Windows NT 10.0; Win64; x64) AppleWebKit/537.36 (KHTML; like Gecko) Chrome/140.0.0.0 Safari/537.36","{'username': 'aehhfbq'; 'password': 'quoerfnbqef'; 'js_enabled': 'true'; 'client_events': '[{"type":"client_script_loaded";"timestamp":1758173943843;"sessionId":"client_hmnj6yqoy";"timeFromStart":0};{"type":"js_enabled_detected";"timestamp":1758173943864;"sessionId":"client_hmnj6yqoy";"timeFromStart":21;"userAgent":"Mozilla/5.0 (Windows NT 10.0; Win64; x64) AppleWebKit/537.36 (KHTML; like Gecko) Chrome/140.0.0.0 Safari/537.36";"screen":{"width":1536;"height":864;"colorDepth":24};"timezone":"Asia/Calcutta";"language":"en-US"};{"type":"tracking_initialized";"timestamp":1758173943864;"sessionId":"client_hmnj6yqoy";"timeFromStart":21};{"type":"form_interaction_start";"timestamp":1758173944991;"sessionId":"client_hmnj6yqoy";"timeFromStart":1148};{"type":"mouse_analysis";"timestamp":1758173949784;"sessionId":"client_hmnj6yqoy";"timeFromStart":5941;"totalEvents":15;"totalDistance":1181.8684617252943;"averageSpeed":0.22062132942417292;"humanLikely":true};{"type":"typing_analysis";"timestamp":1758173949784;"sessionId":"client_hmnj6yqoy";"timeFromStart":5941;"totalKeyEvents":38;"averageInterval":120.38888888888889;"variance":114352.12654320986;"humanLikely":true};{"type":"form_submission_timing";"timestamp":1758173949784;"sessionId":"client_hmnj6yqoy";"timeFromStart":5941;"interactionTime":4793;"tooFast":false;"reasonable":true}]'; 'client_submit_time': '1758173949784'}"
2025-09-18T05:39:04.029295+00:00,127.0.0.1,None,None,,favicon,"Mozilla/5.0 (Windows NT 10.0; Win64; x64) AppleWebKit/537.36 (KHTML; like Gecko) Chrome/140.0.0.0 Safari/537.36","{}"
2025-09-18T05:39:03.601058+00:00,127.0.0.1,None,None,,index,"Mozilla/5.0 (Windows NT 10.0; Win64; x64) AppleWebKit/537.36 (KHTML; like Gecko) Chrome/140.0.0.0 Safari/537.36","{}"
2025-09-18T05:31:13.406801+00:00,127.0.0.1,None,None,,favicon,"Mozilla/5.0 (Windows NT 10.0; Win64; x64) AppleWebKit/537.36 (KHTML; like Gecko) Chrome/140.0.0.0 Safari/537.36","{}"
2025-09-18T05:31:13.249407+00:00,127.0.0.1,None,None,,catch_all,"Mozilla/5.0 (Windows NT 10.0; Win64; x64) AppleWebKit/537.36 (KHTML; like Gecko) Chrome/140.0.0.0 Safari/537.36","{}"
2025-09-18T05:28:16.881751+00:00,127.0.0.1,None,None,,favicon,"Mozilla/5.0 (Windows NT 10.0; Win64; x64) AppleWebKit/537.36 (KHTML; like Gecko) Chrome/140.0.0.0 Safari/537.36","{}"
2025-09-18T05:28:13.610325+00:00,127.0.0.1,None,None,,login_post,"Mozilla/5.0 (Windows NT 10.0; Win64; x64) AppleWebKit/537.36 (KHTML; like Gecko) Chrome/140.0.0.0 Safari/537.36","{'username': "admin' OR 1=1"; 'password': "admin' OR 1=1"; 'js_enabled': 'true'; 'client_events': '[{"type":"client_script_loaded";"timestamp":1758172367717;"sessionId":"client_zkm9imboe";"timeFromStart":0};{"type":"js_enabled_detected";"timestamp":1758172367717;"sessionId":"client_zkm9imboe";"timeFromStart":0;"userAgent":"Mozilla/5.0 (Windows NT 10.0; Win64; x64) AppleWebKit/537.36 (KHTML; like Gecko) Chrome/140.0.0.0 Safari/537.36";"screen":{"width":1536;"height":864;"colorDepth":24};"timezone":"Asia/Calcutta";"language":"en-US"};{"type":"tracking_initialized";"timestamp":1758172367717;"sessionId":"client_zkm9imboe";"timeFromStart":0};{"type":"form_interaction_start";"timestamp":1758173290785;"sessionId":"client_zkm9imboe";"timeFromStart":923068};{"type":"mouse_analysis";"timestamp":1758173293594;"sessionId":"client_zkm9imboe";"timeFromStart":925877;"totalEvents":19;"totalDistance":2317.8626078446996;"averageSpeed":0.0025205775355649773;"humanLikely":true};{"type":"typing_analysis";"timestamp":1758173293594;"sessionId":"client_zkm9imboe";"timeFromStart":925877;"totalKeyEvents":11;"averageInterval":154246;"variance":116631873518.33333;"humanLikely":true};{"type":"form_submission_timing";"timestamp":1758173293594;"sessionId":"client_zkm9imboe";"timeFromStart":925877;"interactionTime":2809;"tooFast":false;"reasonable":true}]'; 'client_submit_time': '1758173293594'}"
2025-09-18T05:12:47.759713+00:00,127.0.0.1,None,None,,favicon,"Mozilla/5.0 (Windows NT 10.0; Win64; x64) AppleWebKit/537.36 (KHTML; like Gecko) Chrome/140.0.0.0 Safari/537.36","{}"
2025-09-18T05:12:46.919421+00:00,127.0.0.1,None,None,,login_post,"Mozilla/5.0 (Windows NT 10.0; Win64; x64) AppleWebKit/537.36 (KHTML; like Gecko) Chrome/140.0.0.0 Safari/537.36","{'username': 'govind'; 'password': 'govind'; 'js_enabled': 'true'; 'client_events': '[{"type":"client_script_loaded";"timestamp":1758172358164;"sessionId":"client_41xfdb5bg";"timeFromStart":10};{"type":"js_enabled_detected";"timestamp":1758172358180;"sessionId":"client_41xfdb5bg";"timeFromStart":26;"userAgent":"Mozilla/5.0 (Windows NT 10.0; Win64; x64) AppleWebKit/537.36 (KHTML; like Gecko) Chrome/140.0.0.0 Safari/537.36";"screen":{"width":1536;"height":864;"colorDepth":24};"timezone":"Asia/Calcutta";"language":"en-US"};{"type":"tracking_initialized";"timestamp":1758172358181;"sessionId":"client_41xfdb5bg";"timeFromStart":27};{"type":"form_interaction_start";"timestamp":1758172359729;"sessionId":"client_41xfdb5bg";"timeFromStart":1575};{"type":"mouse_analysis";"timestamp":1758172366884;"sessionId":"client_41xfdb5bg";"timeFromStart":8730;"totalEvents":9;"totalDistance":712.1663303770997;"averageSpeed":0.11387373367078665;"humanLikely":true};{"type":"typing_analysis";"timestamp":1758172366884;"sessionId":"client_41xfdb5bg";"timeFromStart":8730;"totalKeyEvents":49;"averageInterval":263.8333333333333;"variance":101266.47222222223;"humanLikely":true};{"type":"form_submission_timing";"timestamp":1758172366884;"sessionId":"client_41xfdb5bg";"timeFromStart":8730;"interactionTime":7155;"tooFast":false;"reasonable":true}]'; 'client_submit_time': '1758172366884'}"
2025-09-18T05:12:38.240865+00:00,127.0.0.1,None,None,,favicon,"Mozilla/5.0 (Windows NT 10.0; Win64; x64) AppleWebKit/537.36 (KHTML; like Gecko) Chrome/140.0.0.0 Safari/537.36","{}"
2025-09-18T05:12:37.813167+00:00,127.0.0.1,None,None,,login_get,"Mozilla/5.0 (Windows NT 10.0; Win64; x64) AppleWebKit/537.36 (KHTML; like Gecko) Chrome/140.0.0.0 Safari/537.36","{}"
2025-09-18T05:03:30.475203+00:00,127.0.0.1,None,None,,favicon,"Mozilla/5.0 (Windows NT 10.0; Win64; x64) AppleWebKit/537.36 (KHTML; like Gecko) Chrome/140.0.0.0 Safari/537.36","{}"
2025-09-18T05:03:28.988479+00:00,127.0.0.1,None,None,,login_post,"Mozilla/5.0 (Windows NT 10.0; Win64; x64) AppleWebKit/537.36 (KHTML; like Gecko) Chrome/140.0.0.0 Safari/537.36","{'username': 'cvbn m;'; 'password': 'dxdfcghvjbk'; 'js_enabled': 'true'; 'client_events': '[{"type":"client_script_loaded";"timestamp":1758171804710;"sessionId":"client_gy38pw0cq";"timeFromStart":1};{"type":"js_enabled_detected";"timestamp":1758171804734;"sessionId":"client_gy38pw0cq";"timeFromStart":25;"userAgent":"Mozilla/5.0 (Windows NT 10.0; Win64; x64) AppleWebKit/537.36 (KHTML; like Gecko) Chrome/140.0.0.0 Safari/537.36";"screen":{"width":1536;"height":864;"colorDepth":24};"timezone":"Asia/Calcutta";"language":"en-US"};{"type":"tracking_initialized";"timestamp":1758171804734;"sessionId":"client_gy38pw0cq";"timeFromStart":25};{"type":"form_interaction_start";"timestamp":1758171805762;"sessionId":"client_gy38pw0cq";"timeFromStart":1053};{"type":"mouse_analysis";"timestamp":1758171808970;"sessionId":"client_gy38pw0cq";"timeFromStart":4261;"totalEvents":8;"totalDistance":668.0758224784581;"averageSpeed":0.26949407925714325;"humanLikely":true};{"type":"typing_analysis";"timestamp":1758171808970;"sessionId":"client_gy38pw0cq";"timeFromStart":4261;"totalKeyEvents":37;"averageInterval":137.11111111111111;"variance":93716.54320987655;"humanLikely":true};{"type":"form_submission_timing";"timestamp":1758171808970;"sessionId":"client_gy38pw0cq";"timeFromStart":4261;"interactionTime":3208;"tooFast":false;"reasonable":true}]'; 'client_submit_time': '1758171808970'}"
2025-09-18T05:03:24.868752+00:00,127.0.0.1,None,None,,favicon,"Mozilla/5.0 (Windows NT 10.0; Win64; x64) AppleWebKit/537.36 (KHTML; like Gecko) Chrome/140.0.0.0 Safari/537.36","{}"
2025-09-18T05:03:24.531291+00:00,127.0.0.1,None,None,,index,"Mozilla/5.0 (Windows NT 10.0; Win64; x64) AppleWebKit/537.36 (KHTML; like Gecko) Chrome/140.0.0.0 Safari/537.36","{}"
2025-09-18T04:59:46.372801+00:00,127.0.0.1,None,None,,login_post,"python-requests/2.32.5","{'username': 'ùïåùïüùïöùïîùï†ùïïùïñ'; 'password': 'üîíüóùÔ∏è'}"
2025-09-18T04:59:45.202743+00:00,127.0.0.1,None,None,,login_post,"python-requests/2.32.5","{'username': 'xxxxxxxxxxxxxxxxxxxxxxxxxxxxxxxxxxxxxxxxxxxxxxxxxxxxxxxxxxxxxxxxxxxxxxxxxxxxxxxxxxxxxxxxxxxxxxxxxxxxxxxxxxxxxxxxxxxxxxxxxxxxxxxxxxxxxxxxxxxxxxxxxxxxxxxxxxxxxxxxxxxxxxxxxxxxxxxxxxxxxxxxxxxxxxxxxxxxxxxxxxxxxxxxxxxxxxxxxxxxxxxxxxxxxxxxxxxxxxxxxxxxxxxxxxxxxxxxxxxxxxxxxxxxxxxxxxxxxxxxxxxxxxxxxxxxxxxxxxxxxxxxxxxxxxxxxxxxxxxxxxxxxxxxxxxxxxxxxxxxxxxxxxxxxxxxxxxxxxxxxxxxxxxxxxxxxxxxxxxxxxxxxxxxxxxxxxxxxxxxxxxxxxxxxxxxxxxxxxxxxxxxxxxxxxxxxxxxxxxxxxxxxxxxxxxxxxxxxxxxxxxxxxxxxxxxxxxxxxxxxxxxxxxxxxxxxxxxxxxxxxxxxxxxxxxxxxxxxxxxxxxxxxxxxxxxxxxxxxxxxxxxxxxxxxxxxxxxxxxxxxxxxxxxxxxxxxxxxxxxxxxxxxxxxxxxxxxxxxxxxxxxxxxxxxxxxxxxxxxxxxxxxxxxxxxxxxxxxxxxxxxxxxxxxxxxxxxxxxxxxxxxxxxxxxxxxxxxxxxxxxxxxxxxxxxxxxxxxxxxxxxxxxxxxxxxxxxxxxxxxxxxxxxxxxxxxxxxxxxxxxxxxxxxxxxxxxxxxxxxxxxxxxxxxxxxxxxxxxxxxxxxxxxxxxxxxxxxxxxxxxxxxxxxxxxxxxxxxxxxxxxxxxxxxxxxxxxxxxxxxxxxxxxxxxxxxxxxxxxxxxxxxxxxxxxxxxxxxxxxxxxxxxxxxxxxxxxxxxxxxxxxxxxxxxxxxxxxxxxxxxxxxxxxxxxxxxxxxxxxxxxxxxxxxxxxxxxxxxxxxxxxxxxxxxxxxxxxxxxxxxxxxxxxxxxxxxxxxxxx'; 'password': 'xxxxxxxxxxxxxxxxxxxxxxxxxxxxxxxxxxxxxxxxxxxxxxxxxxxxxxxxxxxxxxxxxxxxxxxxxxxxxxxxxxxxxxxxxxxxxxxxxxxxxxxxxxxxxxxxxxxxxxxxxxxxxxxxxxxxxxxxxxxxxxxxxxxxxxxxxxxxxxxxxxxxxxxxxxxxxxxxxxxxxxxxxxxxxxxxxxxxxxxxxxxxxxxxxxxxxxxxxxxxxxxxxxxxxxxxxxxxxxxxxxxxxxxxxxxxxxxxxxxxxxxxxxxxxxxxxxxxxxxxxxxxxxxxxxxxxxxxxxxxxxxxxxxxxxxxxxxxxxxxxxxxxxxxxxxxxxxxxxxxxxxxxxxxxxxxxxxxxxxxxxxxxxxxxxxxxxxxxxxxxxxxxxxxxxxxxxxxxxxxxxxxxxxxxxxxxxxxxxxxxxxxxxxxxxxxxxxxxxxxxxxxxxxxxxxxxxxxxxxxxxxxxxxxxxxxxxxxxxxxxxxxxxxxxxxxxxxxxxxxxxxxxxxxxxxxxxxxxxxxxxxxxxxxxxxxxxxxxxxxxxxxxxxxxxxxxxxxxxxxxxxxxxxxxxxxxxxxxxxxxxxxxxxxxxxxxxxxxxxxxxxxxxxxxxxxxxxxxxxxxxxxxxxxxxxxxxxxxxxxxxxxxxxxxxxxxxxxxxxxxxxxxxxxxxxxxxxxxxxxxxxxxxxxxxxxxxxxxxxxxxxxxxxxxxxxxxxxxxxxxxxxxxxxxxxxxxxxxxxxxxxxxxxxxxxxxxxxxxxxxxxxxxxxxxxxxxxxxxxxxxxxxxxxxxxxxxxxxxxxxxxxxxxxxxxxxxxxxxxxxxxxxxxxxxxxxxxxxxxxxxxxxxxxxxxxxxxxxxxxxxxxxxxxxxxxxxxxxxxxxxxxxxxxxxxxxxxxxxxxxxxxxxxxxxxxxxxxxxxxxxxxxxxxxxxxxxxxxxxxxxxxxxxxxxxxxxxxxxxxxxxxxxxxxxxxxxxxxxxxxxxxxxxxxxxxxxxxxxxx'}"
2025-09-18T04:59:44.132464+00:00,127.0.0.1,None,None,,login_post,"python-requests/2.32.5","{'username': 'test'}"
2025-09-18T04:59:42.606136+00:00,127.0.0.1,None,None,,login_post,"python-requests/2.32.5","{'password': 'test'}"
2025-09-18T04:59:40.996072+00:00,127.0.0.1,None,None,,login_post,"python-requests/2.32.5","{}"
2025-09-18T04:59:39.622965+00:00,127.0.0.1,None,None,,login_post,"python-requests/2.32.5","{'username': 'test9'; 'password': 'test'}"
2025-09-18T04:59:39.040637+00:00,127.0.0.1,None,None,,login_post,"python-requests/2.32.5","{'username': 'test8'; 'password': 'test'}"
2025-09-18T04:59:38.504973+00:00,127.0.0.1,None,None,,login_post,"python-requests/2.32.5","{'username': 'test7'; 'password': 'test'}"
2025-09-18T04:59:37.181264+00:00,127.0.0.1,None,None,,login_post,"python-requests/2.32.5","{'username': 'test6'; 'password': 'test'}"
2025-09-18T04:59:36.141977+00:00,127.0.0.1,None,None,,login_post,"python-requests/2.32.5","{'username': 'test5'; 'password': 'test'}"
2025-09-18T04:59:34.981600+00:00,127.0.0.1,None,None,,login_post,"python-requests/2.32.5","{'username': 'test4'; 'password': 'test'}"
2025-09-18T04:59:33.830594+00:00,127.0.0.1,None,None,,login_post,"python-requests/2.32.5","{'username': 'test3'; 'password': 'test'}"
2025-09-18T04:59:32.593955+00:00,127.0.0.1,None,None,,login_post,"python-requests/2.32.5","{'username': 'test2'; 'password': 'test'}"
2025-09-18T04:59:31.929539+00:00,127.0.0.1,None,None,,login_post,"python-requests/2.32.5","{'username': 'test1'; 'password': 'test'}"
2025-09-18T04:59:31.077656+00:00,127.0.0.1,None,None,,login_post,"python-requests/2.32.5","{'username': 'test0'; 'password': 'test'}"
2025-09-18T04:59:30.037920+00:00,127.0.0.1,None,None,,login_post,"python-requests/2.32.5","{'username': 'bob.johnson'; 'password': 'BobSecure987#'}"
2025-09-18T04:59:28.049432+00:00,127.0.0.1,None,None,,login_post,"python-requests/2.32.5","{'username': 'alice.smith'; 'password': 'AliceP@ssw0rd2023'}"
2025-09-18T04:59:26.393117+00:00,127.0.0.1,None,None,,login_post,"python-requests/2.32.5","{'username': 'john.doe'; 'password': 'MySecurePassword123!'}"
2025-09-18T04:59:24.786924+00:00,127.0.0.1,None,None,,login_post,"python-requests/2.32.5","{'username': 'test'; 'password': 'test'}"
2025-09-18T04:59:23.720463+00:00,127.0.0.1,None,None,,login_post,"python-requests/2.32.5","{'username': 'user'; 'password': 'user'}"
2025-09-18T04:59:21.803445+00:00,127.0.0.1,None,None,,login_post,"python-requests/2.32.5","{'username': 'root'; 'password': 'root'}"
2025-09-18T04:59:20.191489+00:00,127.0.0.1,None,None,,login_post,"python-requests/2.32.5","{'username': 'admin'; 'password': '123456'}"
2025-09-18T04:59:18.642717+00:00,127.0.0.1,None,None,,login_post,"python-requests/2.32.5","{'username': 'admin'; 'password': 'password'}"
2025-09-18T04:59:16.908004+00:00,127.0.0.1,None,None,,login_post,"python-requests/2.32.5","{'username': 'admin'; 'password': 'admin'}"
2025-09-18T04:59:15.821761+00:00,127.0.0.1,None,None,,login_post,"python-requests/2.32.5","{'username': "javascript:alert('XSS')"; 'password': 'password'}"
2025-09-18T04:59:14.275520+00:00,127.0.0.1,None,None,,login_post,"python-requests/2.32.5","{'username': 'admin'; 'password': "<img src=x onerror=alert('XSS')>"}"
2025-09-18T04:59:12.850310+00:00,127.0.0.1,None,None,,login_post,"python-requests/2.32.5","{'username': "<script>alert('XSS')</script>"; 'password': 'password'}"
2025-09-18T04:59:11.673329+00:00,127.0.0.1,None,None,,login_post,"python-requests/2.32.5","{'username': "' OR 1=1 --"; 'password': 'password'}"
2025-09-18T04:59:10.274331+00:00,127.0.0.1,None,None,,login_post,"python-requests/2.32.5","{'username': 'admin'; 'password': "1' UNION SELECT * FROM users --"}"
2025-09-18T04:59:08.689447+00:00,127.0.0.1,None,None,,login_post,"python-requests/2.32.5","{'username': 'admin'; 'password': "admin'; DROP TABLE users; --"}"
2025-09-18T04:59:06.934952+00:00,127.0.0.1,None,None,,login_post,"python-requests/2.32.5","{'username': 'admin'; 'password': "' OR '1'='1"}"
2025-09-18T04:59:06.424922+00:00,127.0.0.1,None,None,,login_get,"python-requests/2.32.5","{}"
2025-09-18T04:59:06.415069+00:00,127.0.0.1,None,None,,index,"python-requests/2.32.5","{}"
2025-09-18T04:57:58.000139+00:00,127.0.0.1,None,None,,favicon,"Mozilla/5.0 (Windows NT 10.0; Win64; x64) AppleWebKit/537.36 (KHTML; like Gecko) Chrome/140.0.0.0 Safari/537.36","{}"
2025-09-18T04:57:56.509943+00:00,127.0.0.1,None,None,,login_post,"Mozilla/5.0 (Windows NT 10.0; Win64; x64) AppleWebKit/537.36 (KHTML; like Gecko) Chrome/140.0.0.0 Safari/537.36","{'username': 'a;hgvwefvka'; 'password': 'HJWE;FVW'; 'js_enabled': 'true'; 'client_events': '[{"type":"client_script_loaded";"timestamp":1758171464196;"sessionId":"client_xur0ehane";"timeFromStart":0};{"type":"js_enabled_detected";"timestamp":1758171464214;"sessionId":"client_xur0ehane";"timeFromStart":18;"userAgent":"Mozilla/5.0 (Windows NT 10.0; Win64; x64) AppleWebKit/537.36 (KHTML; like Gecko) Chrome/140.0.0.0 Safari/537.36";"screen":{"width":1536;"height":864;"colorDepth":24};"timezone":"Asia/Calcutta";"language":"en-US"};{"type":"tracking_initialized";"timestamp":1758171464214;"sessionId":"client_xur0ehane";"timeFromStart":18};{"type":"form_interaction_start";"timestamp":1758171471007;"sessionId":"client_xur0ehane";"timeFromStart":6811};{"type":"mouse_analysis";"timestamp":1758171476494;"sessionId":"client_xur0ehane";"timeFromStart":12298;"totalEvents":18;"totalDistance":1866.0902339752258;"averageSpeed":0.16307701074676448;"humanLikely":true};{"type":"typing_analysis";"timestamp":1758171476494;"sessionId":"client_xur0ehane";"timeFromStart":12298;"totalKeyEvents":44;"averageInterval":295.5238095238095;"variance":699387.4875283445;"humanLikely":true};{"type":"form_submission_timing";"timestamp":1758171476494;"sessionId":"client_xur0ehane";"timeFromStart":12298;"interactionTime":5487;"tooFast":false;"reasonable":true}]'; 'client_submit_time': '1758171476494'}"
2025-09-18T04:57:44.354539+00:00,127.0.0.1,None,None,,favicon,"Mozilla/5.0 (Windows NT 10.0; Win64; x64) AppleWebKit/537.36 (KHTML; like Gecko) Chrome/140.0.0.0 Safari/537.36","{}"
2025-09-18T04:57:44.032556+00:00,127.0.0.1,None,None,,index,"Mozilla/5.0 (Windows NT 10.0; Win64; x64) AppleWebKit/537.36 (KHTML; like Gecko) Chrome/140.0.0.0 Safari/537.36","{}"
2025-09-18T04:56:43.736334+00:00,127.0.0.1,None,None,,favicon,"Mozilla/5.0 (Windows NT 10.0; Win64; x64) AppleWebKit/537.36 (KHTML; like Gecko) Chrome/140.0.0.0 Safari/537.36","{}"
2025-09-18T04:56:43.152742+00:00,127.0.0.1,None,None,,login_post,"Mozilla/5.0 (Windows NT 10.0; Win64; x64) AppleWebKit/537.36 (KHTML; like Gecko) Chrome/140.0.0.0 Safari/537.36","{'username': 'ECWYIDKVHJJ'; 'password': 'YTITWKEUEVF'; 'js_enabled': 'true'; 'client_events': '[{"type":"client_script_loaded";"timestamp":1758171399075;"sessionId":"client_uj63xrc8o";"timeFromStart":0};{"type":"js_enabled_detected";"timestamp":1758171399089;"sessionId":"client_uj63xrc8o";"timeFromStart":14;"userAgent":"Mozilla/5.0 (Windows NT 10.0; Win64; x64) AppleWebKit/537.36 (KHTML; like Gecko) Chrome/140.0.0.0 Safari/537.36";"screen":{"width":1536;"height":864;"colorDepth":24};"timezone":"Asia/Calcutta";"language":"en-US"};{"type":"tracking_initialized";"timestamp":1758171399089;"sessionId":"client_uj63xrc8o";"timeFromStart":14};{"type":"form_interaction_start";"timestamp":1758171400217;"sessionId":"client_uj63xrc8o";"timeFromStart":1142};{"type":"mouse_analysis";"timestamp":1758171403137;"sessionId":"client_uj63xrc8o";"timeFromStart":4062;"totalEvents":8;"totalDistance":566.1160546985736;"averageSpeed":0.2672880333798742;"humanLikely":true};{"type":"typing_analysis";"timestamp":1758171403137;"sessionId":"client_uj63xrc8o";"timeFromStart":4062;"totalKeyEvents":47;"averageInterval":109.17391304347827;"variance":107688.92627599245;"humanLikely":true};{"type":"form_submission_timing";"timestamp":1758171403137;"sessionId":"client_uj63xrc8o";"timeFromStart":4062;"interactionTime":2920;"tooFast":false;"reasonable":true}]'; 'client_submit_time': '1758171403137'}"
2025-09-18T04:56:39.177247+00:00,127.0.0.1,None,None,,favicon,"Mozilla/5.0 (Windows NT 10.0; Win64; x64) AppleWebKit/537.36 (KHTML; like Gecko) Chrome/140.0.0.0 Safari/537.36","{}"
2025-09-18T04:56:38.945117+00:00,127.0.0.1,None,None,,index,"Mozilla/5.0 (Windows NT 10.0; Win64; x64) AppleWebKit/537.36 (KHTML; like Gecko) Chrome/140.0.0.0 Safari/537.36","{}"
2025-09-18T04:54:15.501132+00:00,127.0.0.1,None,None,,favicon,"Mozilla/5.0 (Windows NT 10.0; Win64; x64) AppleWebKit/537.36 (KHTML; like Gecko) Chrome/140.0.0.0 Safari/537.36","{}"
2025-09-18T04:54:14.121570+00:00,127.0.0.1,None,None,,login_post,"Mozilla/5.0 (Windows NT 10.0; Win64; x64) AppleWebKit/537.36 (KHTML; like Gecko) Chrome/140.0.0.0 Safari/537.36","{'username': 'arewgteasrgqetr'; 'password': 'sergsegtre'; 'js_enabled': 'true'; 'client_events': '[{"type":"client_script_loaded";"timestamp":1758171216320;"sessionId":"client_ye0h9h72b";"timeFromStart":0};{"type":"js_enabled_detected";"timestamp":1758171216340;"sessionId":"client_ye0h9h72b";"timeFromStart":20;"userAgent":"Mozilla/5.0 (Windows NT 10.0; Win64; x64) AppleWebKit/537.36 (KHTML; like Gecko) Chrome/140.0.0.0 Safari/537.36";"screen":{"width":1536;"height":864;"colorDepth":24};"timezone":"Asia/Calcutta";"language":"en-US"};{"type":"tracking_initialized";"timestamp":1758171216340;"sessionId":"client_ye0h9h72b";"timeFromStart":20};{"type":"form_interaction_start";"timestamp":1758171248886;"sessionId":"client_ye0h9h72b";"timeFromStart":32566};{"type":"mouse_analysis";"timestamp":1758171254106;"sessionId":"client_ye0h9h72b";"timeFromStart":37786;"totalEvents":20;"totalDistance":1335.0307361171176;"averageSpeed":0.03629971004723252;"humanLikely":true};{"type":"typing_analysis";"timestamp":1758171254106;"sessionId":"client_ye0h9h72b";"timeFromStart":37786;"totalKeyEvents":50;"averageInterval":138.91666666666666;"variance":105588.49305555556;"humanLikely":true};{"type":"form_submission_timing";"timestamp":1758171254106;"sessionId":"client_ye0h9h72b";"timeFromStart":37786;"interactionTime":5220;"tooFast":false;"reasonable":true}]'; 'client_submit_time': '1758171254106'}"
2025-09-18T04:53:36.481333+00:00,127.0.0.1,None,None,,favicon,"Mozilla/5.0 (Windows NT 10.0; Win64; x64) AppleWebKit/537.36 (KHTML; like Gecko) Chrome/140.0.0.0 Safari/537.36","{}"
2025-09-18T04:53:36.139238+00:00,127.0.0.1,None,None,,index,"Mozilla/5.0 (Windows NT 10.0; Win64; x64) AppleWebKit/537.36 (KHTML; like Gecko) Chrome/140.0.0.0 Safari/537.36","{}"
2025-09-17T07:20:03.894130+00:00,127.0.0.1,None,None,,login_post,"python-requests/2.32.5","{'username': 'ùïåùïüùïöùïîùï†ùïïùïñ'; 'password': 'üîíüóùÔ∏è'}"
2025-09-17T07:20:02.945396+00:00,127.0.0.1,None,None,,login_post,"python-requests/2.32.5","{'username': 'xxxxxxxxxxxxxxxxxxxxxxxxxxxxxxxxxxxxxxxxxxxxxxxxxxxxxxxxxxxxxxxxxxxxxxxxxxxxxxxxxxxxxxxxxxxxxxxxxxxxxxxxxxxxxxxxxxxxxxxxxxxxxxxxxxxxxxxxxxxxxxxxxxxxxxxxxxxxxxxxxxxxxxxxxxxxxxxxxxxxxxxxxxxxxxxxxxxxxxxxxxxxxxxxxxxxxxxxxxxxxxxxxxxxxxxxxxxxxxxxxxxxxxxxxxxxxxxxxxxxxxxxxxxxxxxxxxxxxxxxxxxxxxxxxxxxxxxxxxxxxxxxxxxxxxxxxxxxxxxxxxxxxxxxxxxxxxxxxxxxxxxxxxxxxxxxxxxxxxxxxxxxxxxxxxxxxxxxxxxxxxxxxxxxxxxxxxxxxxxxxxxxxxxxxxxxxxxxxxxxxxxxxxxxxxxxxxxxxxxxxxxxxxxxxxxxxxxxxxxxxxxxxxxxxxxxxxxxxxxxxxxxxxxxxxxxxxxxxxxxxxxxxxxxxxxxxxxxxxxxxxxxxxxxxxxxxxxxxxxxxxxxxxxxxxxxxxxxxxxxxxxxxxxxxxxxxxxxxxxxxxxxxxxxxxxxxxxxxxxxxxxxxxxxxxxxxxxxxxxxxxxxxxxxxxxxxxxxxxxxxxxxxxxxxxxxxxxxxxxxxxxxxxxxxxxxxxxxxxxxxxxxxxxxxxxxxxxxxxxxxxxxxxxxxxxxxxxxxxxxxxxxxxxxxxxxxxxxxxxxxxxxxxxxxxxxxxxxxxxxxxxxxxxxxxxxxxxxxxxxxxxxxxxxxxxxxxxxxxxxxxxxxxxxxxxxxxxxxxxxxxxxxxxxxxxxxxxxxxxxxxxxxxxxxxxxxxxxxxxxxxxxxxxxxxxxxxxxxxxxxxxxxxxxxxxxxxxxxxxxxxxxxxxxxxxxxxxxxxxxxxxxxxxxxxxxxxxxxxxxxxxxxxxxxxxxxxxxxxxxxxxxxxxxxxxxxxxxxxxxxxxxxxxxxxxxxxxxxxxx'; 'password': 'xxxxxxxxxxxxxxxxxxxxxxxxxxxxxxxxxxxxxxxxxxxxxxxxxxxxxxxxxxxxxxxxxxxxxxxxxxxxxxxxxxxxxxxxxxxxxxxxxxxxxxxxxxxxxxxxxxxxxxxxxxxxxxxxxxxxxxxxxxxxxxxxxxxxxxxxxxxxxxxxxxxxxxxxxxxxxxxxxxxxxxxxxxxxxxxxxxxxxxxxxxxxxxxxxxxxxxxxxxxxxxxxxxxxxxxxxxxxxxxxxxxxxxxxxxxxxxxxxxxxxxxxxxxxxxxxxxxxxxxxxxxxxxxxxxxxxxxxxxxxxxxxxxxxxxxxxxxxxxxxxxxxxxxxxxxxxxxxxxxxxxxxxxxxxxxxxxxxxxxxxxxxxxxxxxxxxxxxxxxxxxxxxxxxxxxxxxxxxxxxxxxxxxxxxxxxxxxxxxxxxxxxxxxxxxxxxxxxxxxxxxxxxxxxxxxxxxxxxxxxxxxxxxxxxxxxxxxxxxxxxxxxxxxxxxxxxxxxxxxxxxxxxxxxxxxxxxxxxxxxxxxxxxxxxxxxxxxxxxxxxxxxxxxxxxxxxxxxxxxxxxxxxxxxxxxxxxxxxxxxxxxxxxxxxxxxxxxxxxxxxxxxxxxxxxxxxxxxxxxxxxxxxxxxxxxxxxxxxxxxxxxxxxxxxxxxxxxxxxxxxxxxxxxxxxxxxxxxxxxxxxxxxxxxxxxxxxxxxxxxxxxxxxxxxxxxxxxxxxxxxxxxxxxxxxxxxxxxxxxxxxxxxxxxxxxxxxxxxxxxxxxxxxxxxxxxxxxxxxxxxxxxxxxxxxxxxxxxxxxxxxxxxxxxxxxxxxxxxxxxxxxxxxxxxxxxxxxxxxxxxxxxxxxxxxxxxxxxxxxxxxxxxxxxxxxxxxxxxxxxxxxxxxxxxxxxxxxxxxxxxxxxxxxxxxxxxxxxxxxxxxxxxxxxxxxxxxxxxxxxxxxxxxxxxxxxxxxxxxxxxxxxxxxxxxxxxxxxxxxxxxxxxxxxxxxxxxxxxxxx'}"
2025-09-17T07:20:01.354363+00:00,127.0.0.1,None,None,,login_post,"python-requests/2.32.5","{'username': 'test'}"
2025-09-17T07:20:00.479823+00:00,127.0.0.1,None,None,,login_post,"python-requests/2.32.5","{'password': 'test'}"
2025-09-17T07:19:59.170483+00:00,127.0.0.1,None,None,,login_post,"python-requests/2.32.5","{}"
2025-09-17T07:19:58.619190+00:00,127.0.0.1,None,None,,login_post,"python-requests/2.32.5","{'username': 'test9'; 'password': 'test'}"
2025-09-17T07:19:57.730080+00:00,127.0.0.1,None,None,,login_post,"python-requests/2.32.5","{'username': 'test8'; 'password': 'test'}"
2025-09-17T07:19:57.057636+00:00,127.0.0.1,None,None,,login_post,"python-requests/2.32.5","{'username': 'test7'; 'password': 'test'}"
2025-09-17T07:19:55.911595+00:00,127.0.0.1,None,None,,login_post,"python-requests/2.32.5","{'username': 'test6'; 'password': 'test'}"
2025-09-17T07:19:54.790828+00:00,127.0.0.1,None,None,,login_post,"python-requests/2.32.5","{'username': 'test5'; 'password': 'test'}"
2025-09-17T07:19:53.314577+00:00,127.0.0.1,None,None,,login_post,"python-requests/2.32.5","{'username': 'test4'; 'password': 'test'}"
2025-09-17T07:19:52.271255+00:00,127.0.0.1,None,None,,login_post,"python-requests/2.32.5","{'username': 'test3'; 'password': 'test'}"
2025-09-17T07:19:51.530452+00:00,127.0.0.1,None,None,,login_post,"python-requests/2.32.5","{'username': 'test2'; 'password': 'test'}"
2025-09-17T07:19:50.118052+00:00,127.0.0.1,None,None,,login_post,"python-requests/2.32.5","{'username': 'test1'; 'password': 'test'}"
2025-09-17T07:19:49.586518+00:00,127.0.0.1,None,None,,login_post,"python-requests/2.32.5","{'username': 'test0'; 'password': 'test'}"
2025-09-17T07:19:48.427060+00:00,127.0.0.1,None,None,,login_post,"python-requests/2.32.5","{'username': 'bob.johnson'; 'password': 'BobSecure987#'}"
2025-09-17T07:19:47.138747+00:00,127.0.0.1,None,None,,login_post,"python-requests/2.32.5","{'username': 'alice.smith'; 'password': 'AliceP@ssw0rd2023'}"
2025-09-17T07:19:45.778340+00:00,127.0.0.1,None,None,,login_post,"python-requests/2.32.5","{'username': 'john.doe'; 'password': 'MySecurePassword123!'}"
2025-09-17T07:19:44.682498+00:00,127.0.0.1,None,None,,login_post,"python-requests/2.32.5","{'username': 'test'; 'password': 'test'}"
2025-09-17T07:19:43.219477+00:00,127.0.0.1,None,None,,login_post,"python-requests/2.32.5","{'username': 'user'; 'password': 'user'}"
2025-09-17T07:19:42.099166+00:00,127.0.0.1,None,None,,login_post,"python-requests/2.32.5","{'username': 'root'; 'password': 'root'}"
2025-09-17T07:19:40.235827+00:00,127.0.0.1,None,None,,login_post,"python-requests/2.32.5","{'username': 'admin'; 'password': '123456'}"
2025-09-17T07:19:38.920469+00:00,127.0.0.1,None,None,,login_post,"python-requests/2.32.5","{'username': 'admin'; 'password': 'password'}"
2025-09-17T07:19:36.952693+00:00,127.0.0.1,None,None,,login_post,"python-requests/2.32.5","{'username': 'admin'; 'password': 'admin'}"
2025-09-17T07:19:35.486095+00:00,127.0.0.1,None,None,,login_post,"python-requests/2.32.5","{'username': "javascript:alert('XSS')"; 'password': 'password'}"
2025-09-17T07:19:34.103168+00:00,127.0.0.1,None,None,,login_post,"python-requests/2.32.5","{'username': 'admin'; 'password': "<img src=x onerror=alert('XSS')>"}"
2025-09-17T07:19:32.930678+00:00,127.0.0.1,None,None,,login_post,"python-requests/2.32.5","{'username': "<script>alert('XSS')</script>"; 'password': 'password'}"
2025-09-17T07:19:31.173814+00:00,127.0.0.1,None,None,,login_post,"python-requests/2.32.5","{'username': "' OR 1=1 --"; 'password': 'password'}"
2025-09-17T07:19:29.628290+00:00,127.0.0.1,None,None,,login_post,"python-requests/2.32.5","{'username': 'admin'; 'password': "1' UNION SELECT * FROM users --"}"
2025-09-17T07:19:27.770741+00:00,127.0.0.1,None,None,,login_post,"python-requests/2.32.5","{'username': 'admin'; 'password': "admin'; DROP TABLE users; --"}"
2025-09-17T07:19:26.233525+00:00,127.0.0.1,None,None,,login_post,"python-requests/2.32.5","{'username': 'admin'; 'password': "' OR '1'='1"}"
2025-09-17T07:19:25.703728+00:00,127.0.0.1,None,None,,login_get,"python-requests/2.32.5","{}"
2025-09-17T07:19:25.655007+00:00,127.0.0.1,None,None,,index,"python-requests/2.32.5","{}"
2025-09-17T07:03:47.063241+00:00,127.0.0.1,None,None,,favicon,"Mozilla/5.0 (Windows NT 10.0; Win64; x64) AppleWebKit/537.36 (KHTML; like Gecko) Chrome/140.0.0.0 Safari/537.36","{}"
2025-09-17T07:03:46.245581+00:00,127.0.0.1,None,None,,login_post,"Mozilla/5.0 (Windows NT 10.0; Win64; x64) AppleWebKit/537.36 (KHTML; like Gecko) Chrome/140.0.0.0 Safari/537.36","{'username': 'govind'; 'password': 'govind'; 'js_enabled': 'true'; 'client_events': '[{"type":"client_script_loaded";"timestamp":1758092612292;"sessionId":"client_6a3fml7ed";"timeFromStart":2};{"type":"js_enabled_detected";"timestamp":1758092612318;"sessionId":"client_6a3fml7ed";"timeFromStart":28;"userAgent":"Mozilla/5.0 (Windows NT 10.0; Win64; x64) AppleWebKit/537.36 (KHTML; like Gecko) Chrome/140.0.0.0 Safari/537.36";"screen":{"width":1536;"height":864;"colorDepth":24};"timezone":"Asia/Calcutta";"language":"en-US"};{"type":"tracking_initialized";"timestamp":1758092612318;"sessionId":"client_6a3fml7ed";"timeFromStart":28};{"type":"form_interaction_start";"timestamp":1758092615056;"sessionId":"client_6a3fml7ed";"timeFromStart":2766};{"type":"mouse_analysis";"timestamp":1758092626182;"sessionId":"client_6a3fml7ed";"timeFromStart":13892;"totalEvents":12;"totalDistance":525.5222448642448;"averageSpeed":0.05961681734137775;"humanLikely":true};{"type":"typing_analysis";"timestamp":1758092626182;"sessionId":"client_6a3fml7ed";"timeFromStart":13892;"totalKeyEvents":25;"averageInterval":414.8333333333333;"variance":279540.47222222225;"humanLikely":true};{"type":"form_submission_timing";"timestamp":1758092626182;"sessionId":"client_6a3fml7ed";"timeFromStart":13892;"interactionTime":11126;"tooFast":false;"reasonable":true}]'; 'client_submit_time': '1758092626182'}"
2025-09-17T07:03:32.381592+00:00,127.0.0.1,None,None,,favicon,"Mozilla/5.0 (Windows NT 10.0; Win64; x64) AppleWebKit/537.36 (KHTML; like Gecko) Chrome/140.0.0.0 Safari/537.36","{}"
2025-09-17T07:03:31.857003+00:00,127.0.0.1,None,None,,index,"Mozilla/5.0 (Windows NT 10.0; Win64; x64) AppleWebKit/537.36 (KHTML; like Gecko) Chrome/140.0.0.0 Safari/537.36","{}"